{
	"info": {
		"_postman_id": "bef8c928-fd27-4290-9edc-6cb94bbf4348",
		"name": "Pruebas",
		"schema": "https://schema.getpostman.com/json/collection/v2.1.0/collection.json",
		"_exporter_id": "39458418",
		"_collection_link": "https://proyecto-7833.postman.co/workspace/0766795b-6457-4889-b443-3ae12fe7fd64/collection/39458418-bef8c928-fd27-4290-9edc-6cb94bbf4348?action=share&source=collection_link&creator=39458418"
	},
	"item": [
		{
			"name": "http://localhost:1000/api/usuarios/:cedula",
			"request": {
				"method": "POST",
				"header": [],
				"url": {
					"raw": "http://localhost:1000/api/usuarios",
					"protocol": "http",
					"host": [
						"localhost"
					],
					"port": "1000",
					"path": [
						"api",
						"usuarios"
					]
				}
			},
			"response": []
		},
		{
			"name": "http://localhost:1000/api/usuarios/:cedula",
			"request": {
				"method": "DELETE",
				"header": [],
				"url": {
					"raw": "http://localhost:1000/api/usuarios/:cedula",
					"protocol": "http",
					"host": [
						"localhost"
					],
					"port": "1000",
					"path": [
						"api",
						"usuarios",
						":cedula"
					],
					"variable": [
						{
							"key": "cedula",
							"value": ""
						}
					]
				}
			},
			"response": []
		},
		{
			"name": "http://localhost:1000/api/usuarios",
			"request": {
				"method": "GET",
				"header": [],
				"url": {
					"raw": "http://localhost:1000/api/usuarios/:cedula",
					"protocol": "http",
					"host": [
						"localhost"
					],
					"port": "1000",
					"path": [
						"api",
						"usuarios",
						":cedula"
					],
					"variable": [
						{
							"key": "cedula",
							"value": ""
						}
					]
				}
			},
			"response": []
		},
		{
			"name": "http://localhost:1000/api/usuarios",
			"request": {
				"method": "GET",
				"header": [],
				"url": {
					"raw": "http://localhost:1000/api/usuarios",
					"protocol": "http",
					"host": [
						"localhost"
					],
					"port": "1000",
					"path": [
						"api",
						"usuarios"
					]
				}
			},
			"response": []
		}
	]
}