{
	"info": {
		"_postman_id": "dafe7feb-2360-4104-9351-425a978ef39a",
		"name": "New Collection",
		"schema": "https://schema.getpostman.com/json/collection/v2.1.0/collection.json",
		"_exporter_id": "39458418",
		"_collection_link": "https://proyecto-7833.postman.co/workspace/0766795b-6457-4889-b443-3ae12fe7fd64/collection/39458418-dafe7feb-2360-4104-9351-425a978ef39a?action=share&source=collection_link&creator=39458418"
	},
	"item": [
		{
			"name": "http://localhost:3000/api/productos",
			"request": {
				"method": "GET",
				"header": [],
				"url": {
					"raw": "http://localhost:4000/api/informes",
					"protocol": "http",
					"host": [
						"localhost"
					],
					"port": "4000",
					"path": [
						"api",
						"informes"
					]
				}
			},
			"response": []
		},
		{
			"name": "http://localhost:4000/api/productos",
			"request": {
				"method": "GET",
				"header": [],
				"url": {
					"raw": "http://localhost:4000/api/productos",
					"protocol": "http",
					"host": [
						"localhost"
					],
					"port": "4000",
					"path": [
						"api",
						"productos"
					]
				}
			},
			"response": []
		},
		{
			"name": "http://localhost:3000/api/productos",
			"request": {
				"method": "GET",
				"header": [],
				"url": {
					"raw": "http://localhost:3000/api/productos",
					"protocol": "http",
					"host": [
						"localhost"
					],
					"port": "3000",
					"path": [
						"api",
						"productos"
					]
				}
			},
			"response": []
		}
	]
}